time,E_rk4,E_sym
0.000000,4.505037,4.505037
0.050000,4.505132,4.421170
0.100000,4.505712,4.343112
0.150000,4.507229,4.275970
0.200000,4.510203,4.225366
0.250000,4.515205,4.197110
0.300000,4.522771,4.196367
0.350000,4.533271,4.226401
0.400000,4.546763,4.287183
0.450000,4.562873,4.374373
0.500000,4.580773,4.479225
0.550000,4.599288,4.589724
0.600000,4.617117,4.692767
0.650000,4.633094,4.776710
0.700000,4.646413,4.833418
0.750000,4.656725,4.859214
0.800000,4.664110,4.854606
0.850000,4.668957,4.823189
0.900000,4.671813,4.770240
0.950000,4.673249,4.701528
1.000000,4.673784,4.622563
1.050000,4.673862,4.538345
1.100000,4.673868,4.453493
1.150000,4.674182,4.372588
1.200000,4.675226,4.300540
1.250000,4.677498,4.242784
1.300000,4.681575,4.205127
1.350000,4.688048,4.193116
1.400000,4.697414,4.210924
1.450000,4.709917,4.259964
1.500000,4.725399,4.337652
1.550000,4.743217,4.436896
1.600000,4.762291,4.546745
1.650000,4.781282,4.654220
1.700000,4.798869,4.746818
1.750000,4.814012,4.814851
1.800000,4.826124,4.852870
1.850000,4.835101,4.859846
1.900000,4.841231,4.838333
1.950000,4.845034,4.793110
2.000000,4.847111,4.729873
2.050000,4.848033,4.654288
2.100000,4.848286,4.571557
2.150000,4.848281,4.486414
2.200000,4.848392,4.403409
2.250000,4.849010,4.327285
2.300000,4.850600,4.263269
2.350000,4.853714,4.217070
2.400000,4.858972,4.194442
2.450000,4.866971,4.200254
2.500000,4.878138,4.237163
2.550000,4.892558,4.304260
2.600000,4.909842,4.396206
2.650000,4.929091,4.503399
2.700000,4.949014,4.613374
2.750000,4.968176,4.713133
2.800000,4.985302,4.791658
2.850000,4.999518,4.841753
2.900000,5.010463,4.860718
2.950000,5.018251,4.849852
3.000000,5.023331,4.813234
3.050000,5.026310,4.756341
3.100000,5.027809,4.684928
3.150000,5.028378,4.604403
3.200000,5.028470,4.519659
3.250000,5.028470,4.435273
3.300000,5.028749,4.355870
3.350000,5.029724,4.286470
3.400000,5.031906,4.232615
3.450000,5.035902,4.200128
3.500000,5.042367,4.194364
3.550000,5.051882,4.219015
3.600000,5.064781,4.274706
3.650000,5.080978,4.357874
3.700000,5.099852,4.460483
3.750000,5.120273,4.570947
3.800000,5.140789,4.676167
3.850000,5.159925,4.764079
3.900000,5.176494,4.825846
3.950000,5.189803,4.857011
4.000000,5.199701,4.857430
4.050000,5.206486,4.830264
4.100000,5.210724,4.780599
4.150000,5.213075,4.714185
4.200000,5.214158,4.636609
4.250000,5.214496,4.552957
4.300000,5.214511,4.467893
4.350000,5.214569,4.385975
4.400000,5.215049,4.312037
4.450000,5.216399,4.251423
4.500000,5.219180,4.209907
4.550000,5.224048,4.193146
4.600000,5.231683,4.205646
4.650000,5.242639,4.249391
4.700000,5.257148,4.322546
4.750000,5.274948,4.418782
4.800000,5.295204,4.527709
4.850000,5.316589,4.636525
4.900000,5.337532,4.732465
4.950000,5.356556,4.805224
5.000000,5.372581,4.848579
5.050000,5.385090,4.860781
5.100000,5.394114,4.843857
5.150000,5.400095,4.802306
5.200000,5.403687,4.741746
5.250000,5.405575,4.667894
5.300000,5.406371,4.586042
5.350000,5.406566,4.500989
5.400000,5.406556,4.417290
5.450000,5.406698,4.339630
5.500000,5.407381,4.273144
5.550000,5.409088,4.223472
5.600000,5.412427,4.196417
5.650000,5.418100,4.197083
5.700000,5.426808,4.228611
5.750000,5.439070,4.290783
5.800000,5.455022,4.379043
5.850000,5.474240,4.484453
5.900000,5.495700,4.594893
5.950000,5.517909,4.697270
6.000000,5.539211,4.780069
6.050000,5.558143,4.835355
6.100000,5.573730,4.859664
6.150000,5.585607,4.853683
6.200000,5.593958,4.821114
6.250000,5.599336,4.767285
6.300000,5.602456,4.697965
6.350000,5.604021,4.618641
6.400000,5.604625,4.534290
6.450000,5.604737,4.449521
6.500000,5.604731,4.368922
6.550000,5.604957,4.297426
6.600000,5.605816,4.240493
6.650000,5.607825,4.203935
6.700000,5.611635,4.193263
6.750000,5.617991,4.212552
6.800000,5.627611,4.263047
6.850000,5.640992,4.341955
6.900000,5.658186,4.441976
6.950000,5.678637,4.552013
7.000000,5.701161,4.659050
7.050000,5.724131,4.750669
7.100000,5.745818,4.817362
7.150000,5.764772,4.853896
7.200000,5.780103,4.859437
7.250000,5.791565,4.836676
7.300000,5.799460,4.790466
7.350000,5.804429,4.726516
7.400000,5.807234,4.650478
7.450000,5.808587,4.567528
7.500000,5.809074,4.482384
7.550000,5.809142,4.399595
7.600000,5.809149,4.323924
7.650000,5.809438,4.260623
7.700000,5.810423,4.215416
7.750000,5.812644,4.194042
7.800000,5.816790,4.201296
7.850000,5.823648,4.239694
7.900000,5.833962,4.308129
7.950000,5.848222,4.401047
8.000000,5.866429,4.508669
8.050000,5.887929,4.618446
8.100000,5.911419,4.717420
8.150000,5.935155,4.794721
8.200000,5.957338,4.843363
8.250000,5.976511,4.860853
8.300000,5.991830,4.848654
8.350000,6.003132,4.810943
8.400000,6.010804,4.753230
8.450000,6.015555,4.681266
8.500000,6.018186,4.600433
8.550000,6.019424,4.515603
8.600000,6.019851,4.431348
8.650000,6.019900,4.352303
8.700000,6.019915,4.283512
8.750000,6.020234,4.230541
8.800000,6.021272,4.199211
8.850000,6.023585,4.194829
8.900000,6.027893,4.220970
8.950000,6.035022,4.278084
9.000000,6.045752,4.362392
9.050000,6.060598,4.465658
9.100000,6.079552,4.576171
9.150000,6.101913,4.680823
9.200000,6.126294,4.767660
9.250000,6.150857,4.828037
9.300000,6.173720,4.857712
9.350000,6.193379,4.856728
9.400000,6.208991,4.828368
9.450000,6.220427,4.777775
9.500000,6.228128,4.710708
9.550000,6.232855,4.632732
9.600000,6.235449,4.548910
9.650000,6.236659,4.463890
9.700000,6.237073,4.382239
9.750000,6.237121,4.308809
9.800000,6.237135,4.248971
9.850000,6.237442,4.208507
9.900000,6.238449,4.193050
9.950000,6.240715,4.207016
10.000000,6.244980,4.252235
10.050000,6.252103,4.326667
10.100000,6.262919,4.423768
10.150000,6.278000,4.532989
10.200000,6.297384,4.641472
10.250000,6.320386,4.736515
10.300000,6.345584,4.807981
10.350000,6.371063,4.849861
10.400000,6.394840,4.860607
10.450000,6.415316,4.842397
10.500000,6.431585,4.799811
10.550000,6.443498,4.738492
10.600000,6.451512,4.664144
10.650000,6.456428,4.582035
10.700000,6.459127,4.496944
10.750000,6.460396,4.413423
10.800000,6.460844,4.336174
10.850000,6.460908,4.270355
10.900000,6.460912,4.221629
10.950000,6.461167,4.195786
11.000000,6.462061,4.197870
11.050000,6.464139,4.230891
11.100000,6.468139,4.294443
11.150000,6.474952,4.383752
11.200000,6.485475,4.489693
11.250000,6.500375,4.600043
11.300000,6.519801,4.701728
11.350000,6.543156,4.783365
11.400000,6.569051,4.837222
11.450000,6.595524,4.860046
11.500000,6.620473,4.852698
11.550000,6.642148,4.818991
11.600000,6.659502,4.764295
11.650000,6.672299,4.694379
11.700000,6.680964,4.614707
11.750000,6.686317,4.530234
11.800000,6.689289,4.445558
11.850000,6.690718,4.365276
11.900000,6.691254,4.294344
11.950000,6.691355,4.238248
12.000000,6.691348,4.202802
12.050000,6.691524,4.193479
12.100000,6.692238,4.214251
12.150000,6.694000,4.266195
12.200000,6.697526,4.346307
12.250000,6.703717,4.447079
12.300000,6.713535,4.557274
12.350000,6.727775,4.663844
12.400000,6.746761,4.754462
12.450000,6.770072,4.819805
12.500000,6.796440,4.854851
12.550000,6.823912,4.858964
12.600000,6.850269,4.834967
12.650000,6.873550,4.787781
12.700000,6.892485,4.723132
12.750000,6.906654,4.646652
12.800000,6.916389,4.563494
12.850000,6.922499,4.478358
12.900000,6.925958,4.395797
12.950000,6.927677,4.320591
13.000000,6.928371,4.258018
13.050000,6.928545,4.213817
13.100000,6.928540,4.193708
13.150000,6.928630,4.202409
13.200000,6.929126,4.242293
13.250000,6.930483,4.312055
13.300000,6.933364,4.405922
13.350000,6.938650,4.513944
13.400000,6.947353,4.623493
13.450000,6.960406,4.721658
13.500000,6.978362,4.797719
13.550000,7.001077,4.844902
13.600000,7.027519,4.860921
13.650000,7.055840,4.847398
13.700000,7.083739,4.808606
13.750000,7.109016,4.750087
13.800000,7.130076,4.677584
13.850000,7.146207,4.596454
13.900000,7.157548,4.511549
13.950000,7.164839,4.427434
14.000000,7.169085,4.348759
14.050000,7.171281,4.280590
14.100000,7.172241,4.228516
14.150000,7.172544,4.198356
14.200000,7.172570,4.195362
14.250000,7.172591,4.222996
14.300000,7.172872,4.281525
14.350000,7.173792,4.366954
14.400000,7.175929,4.470850
14.450000,7.180102,4.581381
14.500000,7.187329,4.685438
14.550000,7.198665,4.771181
14.600000,7.214920,4.830157
14.650000,7.236311,4.858344
14.700000,7.262179,4.855964
14.750000,7.290931,4.826421
14.800000,7.320292,4.774914
14.850000,7.347835,4.707206
14.900000,7.371566,4.628842
14.950000,7.390344,4.544859
15.000000,7.403978,4.459896
15.050000,7.413035,4.378522
15.100000,7.418505,4.305612
15.150000,7.421468,4.246562
15.200000,7.422863,4.207165
15.250000,7.423387,4.193021
15.300000,7.423499,4.208458
15.350000,7.423492,4.255146
15.400000,7.423601,4.330839
15.450000,7.424120,4.428782
15.500000,7.425512,4.538268
15.550000,7.428484,4.646388
15.600000,7.433997,4.740511
15.650000,7.443167,4.810671
15.700000,7.457035,4.851072
15.750000,7.476227,4.860368
15.800000,7.500589,4.840882
15.850000,7.528979,4.797274
15.900000,7.559342,4.735209
15.950000,7.589139,4.660377
16.000000,7.615962,4.578021
16.050000,7.638114,4.492902
16.100000,7.654886,4.409570
16.150000,7.666511,4.332743
16.200000,7.673853,4.267606
16.250000,7.678042,4.219838
16.300000,7.680160,4.195219
16.350000,7.681066,4.198727
16.400000,7.681352,4.233241
16.450000,7.681383,4.298162
16.500000,7.681393,4.388499
16.550000,7.681607,4.494944
16.600000,7.682359,4.605173
16.650000,7.684199,4.706141
16.700000,7.687952,4.786597
16.750000,7.694696,4.839017
16.800000,7.705613,4.860359
16.850000,7.721703,4.851654
16.900000,7.743393,4.816820
16.950000,7.770193,4.761271
17.000000,7.800550,4.690771
17.050000,7.832064,4.610763
17.100000,7.862041,4.526178
17.150000,7.888166,4.441604
17.200000,7.909021,4.361651
17.250000,7.924258,4.291297
17.300000,7.934418,4.236049
17.350000,7.940567,4.201728
17.400000,7.943904,4.193763
17.450000,7.945488,4.216021
17.500000,7.946108,4.269408
17.550000,7.946272,4.350707
17.600000,7.946275,4.452204
17.650000,7.946314,4.562526
17.700000,7.946611,4.668601
17.750000,7.947539,4.758198
17.800000,7.949719,4.822178
17.850000,7.954073,4.855736
17.900000,7.961772,4.858426
17.950000,7.974050,4.833205
18.000000,7.991870,4.785058
18.050000,8.015511,4.719721
18.100000,8.044218,4.642812
18.150000,8.076130,4.559456
18.200000,8.108600,4.474339
18.250000,8.138829,4.392016
18.300000,8.164578,4.317287
18.350000,8.184638,4.255455
18.400000,8.198911,4.212273
18.450000,8.208154,4.193439
18.500000,8.213562,4.203593
18.550000,8.216380,4.244961
18.600000,8.217651,4.316035
18.650000,8.218113,4.410830
18.700000,8.218218,4.519222
18.750000,8.218215,4.628514
18.800000,8.218271,4.725844
18.850000,8.218603,4.800651
18.900000,8.219603,4.846369
18.950000,8.221938,4.860921
19.000000,8.226594,4.846085
19.050000,8.234816,4.806225
19.100000,8.247895,4.746912
19.150000,8.266805,4.673882
19.200000,8.291760,4.592467
19.250000,8.321861,4.507497
19.300000,8.355056,4.423533
19.350000,8.388513,4.345238
19.400000,8.419327,4.277704
19.450000,8.445254,4.226541
19.500000,8.465175,4.197562
19.550000,8.479127,4.195966
19.600000,8.487996,4.225093
19.650000,8.493070,4.285027
19.700000,8.495639,4.371558
19.750000,8.496756,4.476057
19.800000,8.497143,4.586577
19.850000,8.497226,4.690011
19.900000,8.497223,4.774640
19.950000,8.497275,4.832208
20.000000,8.497581,4.858906
20.050000,8.498522,4.855138
20.100000,8.500772,4.824425
20.150000,8.505345,4.772017
20.200000,8.513536,4.703680
20.250000,8.526711,4.624939
20.300000,8.545925,4.540807
20.350000,8.571452,4.455910
20.400000,8.602405,4.374824
20.450000,8.636667,4.302447
20.500000,8.671282,4.244198
20.550000,8.703194,4.205880
20.600000,8.730033,4.193059
20.650000,8.750613,4.209971
20.700000,8.764971,4.258124
20.750000,8.774043,4.335063
20.800000,8.779185,4.433823
20.850000,8.781754,4.543544
20.900000,8.782850,4.651271
20.950000,8.783223,4.744452
21.000000,8.783305,4.813292
21.050000,8.783304,4.852212
21.100000,8.783336,4.860063
21.150000,8.783562,4.839312
21.200000,8.784320,4.794696
21.250000,8.786241,4.731897
21.300000,8.790317,4.656593
21.350000,8.797861,4.574001
21.400000,8.810321,4.488864
21.450000,8.828909,4.405732
21.500000,8.854106,4.329339
21.550000,8.885223,4.264896
21.600000,8.920251,4.218099
21.650000,8.956189,4.194716
21.700000,8.989789,4.199655
21.750000,9.018406,4.235660
21.800000,9.040595,4.301939
21.850000,9.056226,4.393284
21.900000,9.066183,4.500202
21.950000,9.071862,4.610282
22.000000,9.074711,4.710506
22.050000,9.075928,4.789765
22.100000,9.076345,4.840741
22.150000,9.076443,4.860603
22.200000,9.076448,4.850550
22.250000,9.076458,4.814603
22.300000,9.076582,4.758213
22.350000,9.077079,4.687142
22.400000,9.078486,4.606809
22.450000,9.081705,4.522121
22.500000,9.088011,4.437662
22.550000,9.098913,4.358048
22.600000,9.115826,4.288283
22.650000,9.139575,4.233898
22.700000,9.169882,4.200714
22.750000,9.205079,4.194116
22.800000,9.242284,4.217862
22.850000,9.278070,4.272685
22.900000,9.309382,4.355152
22.950000,9.334292,4.457350
23.000000,9.352277,4.567769
23.050000,9.364010,4.673320
23.100000,9.370865,4.761875
23.150000,9.374387,4.824481
23.200000,9.375930,4.856551
23.250000,9.376473,4.857825
23.300000,9.376610,4.831391
23.350000,9.376627,4.782295
23.400000,9.376626,4.716285
23.450000,9.376666,4.638957
23.500000,9.376903,4.555413
23.550000,9.377729,4.470326
23.600000,9.379885,4.388252
23.650000,9.384520,4.314011
23.700000,9.393125,4.252933
23.750000,9.407292,4.210784
23.800000,9.428270,4.193237
23.850000,9.456393,4.204849
23.900000,9.490631,4.247697
23.950000,9.528510,4.320070
24.000000,9.566591,4.415769
24.050000,9.601370,4.524502
24.100000,9.630212,4.633507
24.150000,9.651903,4.729980
24.200000,9.666645,4.803517
24.250000,9.675631,4.847766
24.300000,9.680466,4.860854
24.350000,9.682696,4.844716
24.400000,9.683529,4.803800
24.450000,9.683754,4.743707
24.500000,9.683789,4.670162
24.550000,9.683790,4.588471
24.600000,9.683793,4.503447
24.650000,9.683851,4.419645
24.700000,9.684183,4.341741
24.750000,9.685303,4.274855
24.800000,9.688128,4.224616
24.850000,9.693997,4.196830
24.900000,9.704554,4.196640
24.950000,9.721411,4.227261
25.000000,9.745619,4.288590
25.050000,9.777074,4.376203
25.100000,9.814138,4.481277
25.150000,9.853766,4.591756
25.200000,9.892205,4.694541
25.250000,9.926018,4.778037
25.300000,9.952972,4.834188
25.350000,9.972398,4.859399
25.400000,9.984986,4.854251
25.450000,9.992232,4.822380
25.500000,9.995848,4.769084
25.550000,9.997339,4.700131
25.600000,9.997794,4.621024
25.650000,9.997871,4.536753
25.700000,9.997871,4.451932
25.750000,9.997872,4.371145
25.800000,9.997868,4.299313
25.850000,9.997914,4.241879
25.900000,9.998269,4.204652
25.950000,9.999528,4.193166
26.000000,10.002725,4.211555
26.050000,10.009330,4.261167
26.100000,10.021094,4.339336
26.150000,10.039658,4.438888
26.200000,10.065961,4.548815
26.250000,10.099632,4.656122
26.300000,10.138658,4.748337
26.350000,10.179634,4.815846
26.400000,10.218603,4.853281
26.450000,10.252156,4.859693
26.500000,10.278278,4.837688
26.550000,10.296608,4.792076
26.600000,10.308112,4.728557
26.650000,10.314464,4.652793
26.700000,10.317443,4.569975
26.750000,10.318541,4.484830
26.800000,10.318794,4.401909
26.850000,10.318792,4.325962
26.900000,10.318777,4.262225
26.950000,10.318779,4.216414
27.000000,10.318760,4.194277
27.050000,10.318756,4.200654
27.100000,10.319024,4.238149
27.150000,10.320174,4.305773
27.200000,10.323276,4.398104
27.250000,10.329865,4.505468
27.300000,10.341776,4.615369
27.350000,10.360739,4.714823
27.400000,10.387759,4.792869
27.450000,10.422459,4.842394
27.500000,10.462737,4.860779
27.550000,10.505021,4.849388
27.600000,10.545161,4.812339
27.650000,10.579602,4.755122
27.700000,10.606271,4.683492
27.750000,10.624837,4.602845
27.800000,10.636349,4.518065
27.850000,10.642582,4.433730
27.900000,10.645399,4.354466
27.950000,10.646346,4.285304
28.000000,10.646491,4.231795
28.050000,10.646428,4.199761
28.100000,10.646394,4.194538
28.150000,10.646396,4.219774
28.200000,10.646366,4.276025
28.250000,10.646295,4.359644
28.300000,10.646379,4.462514
28.350000,10.647163,4.573000
28.400000,10.649656,4.678001
28.450000,10.655369,4.765493
28.500000,10.666186,4.826715
28.550000,10.683996,4.857295
28.600000,10.710075,4.857161
28.650000,10.744372,4.829525
28.700000,10.785049,4.779494
28.750000,10.828603,4.712822
28.800000,10.870710,4.635088
28.850000,10.907443,4.551368
28.900000,10.936320,4.466320
28.950000,10.956698,4.384505
29.000000,10.969488,4.310765
29.050000,10.976479,4.250454
29.100000,10.979648,4.209350
29.150000,10.980688,4.193100
29.200000,10.980795,4.206176
29.250000,10.980663,4.250500
29.300000,10.980583,4.324158
29.350000,10.980580,4.420737
29.400000,10.980560,4.529783
29.450000,10.980449,4.638472
29.500000,10.980333,4.734062
29.550000,10.980608,4.806315
29.600000,10.982111,4.849091
29.650000,10.986205,4.860721
29.700000,10.994730,4.843290
29.750000,11.009733,4.801331
29.800000,11.032914,4.740472
29.850000,11.064883,4.666423
29.900000,11.104505,4.584468
29.950000,11.148750,4.499399
30.000000,11.193285,4.415769
30.050000,11.233680,4.338270
30.100000,11.266660,4.272044
30.150000,11.290822,4.222742
30.200000,11.306583,4.196161
30.250000,11.315573,4.197384
30.300000,11.319867,4.229498
30.350000,11.321388,4.292214
30.400000,11.321590,4.380888
30.450000,11.321382,4.486511
30.500000,11.321203,4.596918
30.550000,11.321158,4.699027
30.600000,11.321161,4.781371
30.650000,11.321078,4.836097
30.700000,11.320862,4.859822
30.750000,11.320698,4.853303
30.800000,11.321146,4.820286
30.850000,11.323272,4.766115
30.900000,11.328699,4.696559
30.950000,11.339480,4.617097
31.000000,11.357712,4.532697
31.050000,11.384860,4.447963
31.100000,11.420954,4.367487
31.150000,11.464048,4.296211
31.200000,11.510335,4.239605
31.250000,11.555073,4.203483
31.300000,11.593957,4.193340
31.350000,11.624289,4.213211
31.400000,11.645414,4.264276
31.450000,11.658386,4.343659
31.500000,11.665197,4.443978
31.550000,11.668020,4.554080
31.600000,11.668688,4.660937
31.650000,11.668486,4.752166
31.700000,11.668147,4.818330
31.750000,11.667964,4.854280
31.800000,11.667940,4.859259
31.850000,11.667930,4.836011
31.900000,11.667778,4.789416
31.950000,11.667448,4.725190
32.000000,11.667171,4.648977
32.050000,11.667591,4.565944
32.100000,11.669892,4.480802
32.150000,11.675839,4.398101
32.200000,11.687617,4.322612
32.250000,11.707388,4.259595
32.300000,11.736539,4.214782
32.350000,11.774854,4.193903
32.400000,11.819999,4.201724
32.450000,11.867772,4.240707
32.500000,11.913182,4.309665
32.550000,11.951919,4.402958
32.600000,11.981496,4.510740
32.650000,12.001570,4.620431
32.700000,12.013478,4.719091
32.750000,12.019396,4.795907
32.800000,12.021565,4.843976
32.850000,12.021814,4.860888
32.900000,12.021377,4.848168
32.950000,12.020930,4.810030
33.000000,12.020713,4.751999
33.050000,12.020688,4.679822
33.100000,12.020675,4.598871
33.150000,12.020486,4.514011
33.200000,12.020056,4.429809
33.250000,12.019580,4.350908
33.300000,12.019667,4.282360
33.350000,12.021478,4.229740
33.400000,12.026782,4.198868
33.450000,12.037832,4.195030
33.500000,12.056932,4.221758
33.550000,12.085688,4.279428
33.600000,12.124111,4.364179
33.650000,12.170019,4.467696
33.700000,12.219184,4.578219
33.750000,12.266396,4.682641
33.800000,12.307015,4.769050
33.850000,12.338238,4.828878
33.900000,12.359527,4.857969
33.950000,12.372170,4.856435
34.000000,12.378414,4.827609
34.050000,12.380623,4.776656
34.100000,12.380752,4.709335
34.150000,12.380138,4.631205
34.200000,12.379528,4.547319
34.250000,12.379203,4.462320
34.300000,12.379137,4.380777
34.350000,12.379139,4.307550
34.400000,12.378984,4.248019
34.450000,12.378529,4.207973
34.500000,12.377853,4.193031
34.550000,12.377401,4.207574
34.600000,12.378145,4.253371
34.650000,12.381684,4.328299
34.700000,12.390207,4.425734
34.750000,12.406181,4.535063
34.800000,12.431687,4.643407
34.850000,12.467492,4.738091
34.900000,12.512229,4.809046
34.950000,12.562201,4.850345
35.000000,12.612165,4.860521
35.050000,12.656862,4.841808
35.100000,12.692559,4.798820
35.150000,12.717863,4.737206
35.200000,12.733548,4.662667
35.250000,12.741726,4.580459
35.300000,12.744914,4.495355
35.350000,12.745342,4.411908
35.400000,12.744637,4.334823
35.450000,12.743778,4.269271
35.500000,12.743212,4.220919
35.550000,12.743005,4.195556
35.600000,12.743001,4.198198
35.650000,12.742947,4.231806
35.700000,12.742612,4.295897
35.750000,12.741906,4.385612
35.800000,12.741018,4.491755
35.850000,12.740571,4.602061
35.900000,12.741780,4.703467
35.950000,12.746524,4.784642
36.000000,12.757237,4.837935
36.050000,12.776465,4.860177
36.100000,12.806056,4.852295
36.150000,12.846162,4.818144
36.200000,12.894524,4.763112
36.250000,12.946595,4.692964
36.300000,12.996686,4.613159
36.350000,13.039695,4.528641
36.400000,13.072542,4.444004
36.450000,13.094647,4.363849
36.500000,13.107447,4.293143
36.550000,13.113415,4.237378
36.600000,13.115134,4.202373
36.650000,13.114724,4.193582
36.700000,13.113629,4.214937
36.750000,13.112649,4.267450
36.800000,13.112089,4.348030
36.850000,13.111921,4.449090
36.900000,13.111928,4.559338
36.950000,13.111827,4.665717
37.000000,13.111374,4.755937
37.050000,13.110481,4.820745
37.100000,13.109353,4.855207
37.150000,13.108646,4.858760
37.200000,13.109632,4.834281
37.250000,13.114280,4.786716
37.300000,13.125134,4.721795
37.350000,13.144855,4.645145
37.400000,13.175360,4.561908
37.450000,13.216773,4.476779
37.500000,13.266679,4.394310
37.550000,13.320272,4.319290
37.600000,13.371599,4.257006
37.650000,13.415384,4.213204
37.700000,13.448521,4.193595
37.750000,13.470526,4.202865
37.800000,13.482987,4.243333
37.850000,13.488520,4.313612
37.900000,13.489810,4.407846
37.950000,13.489031,4.516017
38.000000,13.487647,4.625468
38.050000,13.486462,4.723308
38.100000,13.485774,4.798879
38.150000,13.485545,4.845487
38.200000,13.485545,4.860929
38.250000,13.485468,4.846889
38.300000,13.485034,4.807676
38.350000,13.484089,4.748844
38.400000,13.482737,4.676132
38.450000,13.481494,4.594889
38.500000,13.481464,4.509957
38.550000,13.484462,4.425900
38.600000,13.492983,4.347373
38.650000,13.509845,4.279452
38.700000,13.537421,4.227735
38.750000,13.576550,4.198036
38.800000,13.625576,4.195591
38.850000,13.680160,4.223812
38.900000,13.734256,4.282893
38.950000,13.781946,4.368757
39.000000,13.819221,4.472893
39.050000,13.844814,4.583424
39.100000,13.859875,4.687239
39.150000,13.866953,4.772547
39.200000,13.868913,4.830971
39.250000,13.868206,4.858573
39.300000,13.866565,4.855647
39.350000,13.865005,4.825643
39.400000,13.863969,4.773781
39.450000,13.863506,4.705824
39.500000,13.863427,4.627310
39.550000,13.863426,4.543268
39.600000,13.863176,4.458329
39.650000,13.862421,4.377067
39.700000,13.861078,4.304365
39.750000,13.859381,4.245628
39.800000,13.858045,4.206653
39.850000,13.858444,4.193028
39.900000,13.862710,4.209043
39.950000,13.873612,4.256308
40.000000,13.894052,4.332492
40.050000,13.926127,4.430759
40.100000,13.969953,4.540341
40.150000,14.022847,4.648310
40.200000,14.079510,4.742066
40.250000,14.133441,4.811709
40.300000,14.178974,4.851528
40.350000,14.212895,4.860256
40.400000,14.234868,4.840272
40.450000,14.246762,4.796267
40.500000,14.251473,4.733912
40.550000,14.251896,4.658893
40.600000,14.250332,4.576442
40.650000,14.248300,4.491315
40.700000,14.246623,4.408061
40.750000,14.245600,4.331403
40.800000,14.245185,4.266536
40.850000,14.245135,4.219149
40.900000,14.245116,4.195014
40.950000,14.244788,4.199084
41.000000,14.243884,4.234183
41.050000,14.242314,4.299638
41.100000,14.240299,4.390374
41.150000,14.238543,4.497008
41.200000,14.238422,4.607183
41.250000,14.242096,4.707861
41.300000,14.252413,4.787849
41.350000,14.272422,4.839703
41.400000,14.304407,4.860463
41.450000,14.348663,4.851228
41.500000,14.402577,4.815955
41.550000,14.460748,4.760074
41.600000,14.516404,4.689348
41.650000,14.563551,4.609211
41.700000,14.598714,4.524584
41.750000,14.621443,4.440054
41.800000,14.633634,4.360233
41.850000,14.638297,4.290109
41.900000,14.638460,4.235198
41.950000,14.636537,4.201323
42.000000,14.634134,4.193894
42.050000,14.632126,4.216736
42.100000,14.630843,4.270688
42.150000,14.630260,4.352448
42.200000,14.630140,4.454223
42.250000,14.630148,4.564587
42.300000,14.629922,4.670459
42.350000,14.629148,4.759650
42.400000,14.627642,4.823091
42.450000,14.625462,4.856064
42.500000,14.623073,4.858198
42.550000,14.621536,4.832498
42.600000,14.622687,4.783977
42.650000,14.629165,4.718374
42.700000,14.644138,4.641299
42.750000,14.670536,4.557868
42.800000,14.709846,4.472762
42.850000,14.760896,4.390535
42.900000,14.819354,4.315997
42.950000,14.878586,4.254459
43.000000,14.931679,4.211681
43.050000,14.973623,4.193352
43.100000,15.002515,4.204078
43.150000,15.019352,4.246028
43.200000,15.026908,4.317614
43.250000,15.028443,4.412766
43.300000,15.026809,4.521296
43.350000,15.024059,4.630479
43.400000,15.021425,4.727475
43.450000,15.019487,4.801785
43.500000,15.018377,4.846926
43.550000,15.017947,4.860902
43.600000,15.017901,4.845554
43.650000,15.017876,4.805277
43.700000,15.017508,4.745657
43.750000,15.016490,4.672423
43.800000,15.014654,4.590898
43.850000,15.012086,4.505906
43.900000,15.009294,4.422004
43.950000,15.007410,4.343862
44.000000,15.008370,4.276580
44.050000,15.014947,4.225779
44.100000,15.030447,4.197267
44.150000,15.057890,4.196222
44.200000,15.098732,4.225936
44.250000,15.151600,4.286419
44.300000,15.211825,4.373378
44.350000,15.272413,4.478106
44.400000,15.326222,4.588614
44.450000,15.368226,4.691796
44.500000,15.396677,4.775982
44.550000,15.412806,4.832994
44.600000,15.419588,4.859108
44.650000,15.420410,4.854797
44.700000,15.418180,4.823627
44.750000,15.414954,4.770869
44.800000,15.411954,4.702289
44.850000,15.409742,4.623402
44.900000,15.408435,4.539214
44.950000,15.407882,4.454346
45.000000,15.407787,4.373377
45.050000,15.407788,4.301212
45.100000,15.407510,4.243282
45.150000,15.406618,4.205391
45.200000,15.404876,4.193093
45.250000,15.402247,4.210584
45.300000,15.399036,4.259312
45.350000,15.396084,4.336735
45.400000,15.394987,4.435810
45.450000,15.398223,4.545615
45.500000,15.409037,4.653181
45.550000,15.430853,4.745985
45.600000,15.466138,4.814304
45.650000,15.514972,4.852641
45.700000,15.574054,4.859926
45.750000,15.636987,4.838681
45.800000,15.696084,4.793672
45.850000,15.744883,4.730589
45.900000,15.780005,4.655102
45.950000,15.801490,4.572420
46.000000,15.811829,4.487279
46.050000,15.814510,4.404228
46.100000,15.812846,4.328009
46.150000,15.809371,4.263842
46.200000,15.805707,4.217431
46.250000,15.802708,4.194536
46.300000,15.800680,4.200039
46.350000,15.799583,4.236630
46.400000,15.799184,4.303438
46.450000,15.799151,4.395173
46.500000,15.799113,4.502270
46.550000,15.798703,4.612283
46.600000,15.797591,4.712207
46.650000,15.795551,4.790992
46.700000,15.792547,4.841399
46.750000,15.788887,4.860680
46.800000,15.785419,4.850101
46.850000,15.783759,4.813719
46.900000,15.786439,4.757003
46.950000,15.796800,4.685711
47.000000,15.818415,4.605253
47.050000,15.853917,4.520528
47.100000,15.903499,4.436116
47.150000,15.963841,4.356638
47.200000,16.028351,4.287108
47.250000,16.089033,4.233066
47.300000,16.139124,4.200332
47.350000,16.175064,4.194274
47.400000,16.196873,4.218605
47.450000,16.207135,4.273990
47.500000,16.209476,4.356911
47.550000,16.207339,4.459376
47.600000,16.203348,4.569825
47.650000,16.199186,4.675163
47.700000,16.195739,4.763304
47.750000,16.193333,4.825367
47.800000,16.191943,4.856851
47.850000,16.191350,4.857572
47.900000,16.191236,4.830664
47.950000,16.191242,4.781199
48.000000,16.191001,4.714928
48.050000,16.190166,4.637439
48.100000,16.188449,4.553825
48.150000,16.185686,4.468751
48.200000,16.181950,4.386778
48.250000,16.177724,4.312733
48.300000,16.174118,4.251954
48.350000,16.173104,4.210214
48.400000,16.177605,4.193175
48.450000,16.191264,4.205361
48.500000,16.217637,4.248790
48.550000,16.258797,4.321670
48.600000,16.313809,4.417717
48.650000,16.377959,4.526577
48.700000,16.443611,4.635461
48.750000,16.502587,4.731590
48.800000,16.548864,4.804624
48.850000,16.580109,4.848295
48.900000,16.597470,4.860809
48.950000,16.604203,4.844162
49.000000,16.604122,4.802835
49.050000,16.600529,4.742440
49.100000,16.595782,4.668695
49.150000,16.591293,4.586900
49.200000,16.587747,4.501857
49.250000,16.585335,4.418121
49.300000,16.583962,4.340375
49.350000,16.583380,4.273746
49.400000,16.583267,4.223874
49.450000,16.583273,4.196560
49.500000,16.583045,4.196924
49.550000,16.582243,4.228131
49.600000,16.580566,4.290006
49.650000,16.577806,4.378039
49.700000,16.573944,4.483332
49.750000,16.569293,4.593786
49.800000,16.564722,4.696308
49.850000,16.561893,4.779354
49.900000,16.563449,4.834946
49.950000,16.572934,4.859573
50.000000,16.594214,4.853886
50.050000,16.630242,4.821563
50.100000,16.681414,4.767922
50.150000,16.744335,4.698730
50.200000,16.811995,4.619483
50.250000,16.875763,4.535160
50.300000,16.928281,4.450372
50.350000,16.965662,4.369706
50.400000,16.987919,4.298091
50.450000,16.997849,4.240980
50.500000,16.999367,4.204186
50.550000,16.996164,4.193226
50.600000,16.991042,4.212197
50.650000,16.985786,4.262381
50.700000,16.981342,4.341028
50.750000,16.978068,4.440885
50.800000,16.975965,4.550884
50.850000,16.974842,4.658017
50.900000,16.974415,4.749848
50.950000,16.974362,4.816830
51.000000,16.974348,4.853682
51.050000,16.974040,4.859530
51.100000,16.973114,4.837036
51.150000,16.971279,4.791036
51.200000,16.968318,4.727238
51.250000,16.964174,4.651296
51.300000,16.959091,4.568392
51.350000,16.953826,4.483247
51.400000,16.949901,4.400411
51.450000,16.949821,4.324642
51.500000,16.957085,4.261187
51.550000,16.975713,4.215766
51.600000,17.009101,4.194123
51.650000,17.058348,4.201066
51.700000,17.120775,4.239146
51.750000,17.189744,4.307295
51.800000,17.256395,4.400007
51.850000,17.312622,4.507539
51.900000,17.353626,4.617360
51.950000,17.378737,4.716505
52.000000,17.390470,4.794070
52.050000,17.392795,4.843024
52.100000,17.389647,4.860830
52.150000,17.384103,4.848916
52.200000,17.378181,4.811438
52.250000,17.372989,4.753899
52.300000,17.368988,4.682053
52.350000,17.366243,4.601285
52.400000,17.364601,4.516473
52.450000,17.363805,4.432188
52.500000,17.363560,4.353066
52.550000,17.363557,4.284143
52.600000,17.363488,4.230982
52.650000,17.363046,4.199403
52.700000,17.361931,4.194723
52.750000,17.359863,4.220545
52.800000,17.356625,4.277355
52.850000,17.352139,4.361420
52.900000,17.346602,4.464547
52.950000,17.340690,4.575052
53.000000,17.335821,4.679828
53.050000,17.334401,4.766898
53.100000,17.339890,4.827573
53.150000,17.356419,4.857568
53.200000,17.387726,4.856883
53.250000,17.435457,4.828779
53.300000,17.497517,4.778384
53.350000,17.567589,4.711455
53.400000,17.636651,4.633564
53.450000,17.695984,4.549778
53.500000,17.740030,4.464748
53.550000,17.767531,4.383038
53.600000,17.780747,4.309499
53.650000,17.783697,4.249493
53.700000,17.780518,4.208803
53.750000,17.774529,4.193065
53.800000,17.767944,4.206716
53.850000,17.762013,4.251620
53.900000,17.757286,4.325779
53.950000,17.753879,4.422697
54.000000,17.751672,4.531857
54.050000,17.750433,4.640414
54.100000,17.749889,4.735651
54.150000,17.749761,4.807396
54.200000,17.749769,4.849592
54.250000,17.749640,4.860650
54.300000,17.749099,4.842714
54.350000,17.747869,4.800350
54.400000,17.745684,4.739192
54.450000,17.742318,4.664950
54.500000,17.737651,4.582894
54.550000,17.731792,4.497810
54.600000,17.725264,4.414251
54.650000,17.719265,4.336913
54.700000,17.715941,4.270950
54.750000,17.718545,4.222020
54.800000,17.731216,4.195916
54.850000,17.758106,4.197695
54.900000,17.801773,4.230396
54.950000,17.861323,4.293653
55.000000,17.931429,4.382739
55.050000,18.003275,4.488569
55.100000,18.067397,4.598940
55.150000,18.116904,4.700776
55.200000,18.149272,4.782664
55.250000,18.166010,4.836827
55.300000,18.170975,4.859970
55.350000,18.168541,4.852914
55.400000,18.162411,4.819450
55.450000,18.155169,4.764939
55.500000,18.148340,4.695149
55.550000,18.142654,4.615552
55.600000,18.138334,4.531104
55.650000,18.135317,4.446406
55.700000,18.133406,4.366056
55.750000,18.132351,4.295002
55.800000,18.131895,4.238725
55.850000,18.131790,4.203040
55.900000,18.131797,4.193427
55.950000,18.131683,4.213880
56.000000,18.131210,4.265515
56.050000,18.130135,4.345370
56.100000,18.128207,4.445983
56.150000,18.125184,4.556147
56.200000,18.120876,4.662819
56.250000,18.115226,4.753654
56.300000,18.108455,4.819287
56.350000,18.101278,4.854652
56.400000,18.095188,4.859071
56.450000,18.092726,4.835338
56.500000,18.097566,4.788360
56.550000,18.114117,4.723860
56.600000,18.146378,4.647474
56.650000,18.196103,4.564359
56.700000,18.260994,4.479221
56.750000,18.334207,4.396610
56.800000,18.406033,4.321303
56.850000,18.467203,4.258573
56.900000,18.511949,4.214156
56.950000,18.539147,4.193774
57.000000,18.551382,4.202164
57.050000,18.553003,4.241730
57.100000,18.548391,4.311208
57.150000,18.540994,4.404875
57.200000,18.533084,4.512813
57.250000,18.525921,4.622413
57.300000,18.520051,4.720753
57.350000,18.515589,4.797082
57.400000,18.512424,4.844578
57.450000,18.510344,4.860912
57.500000,18.509111,4.847672
57.550000,18.508490,4.809111
57.600000,18.508267,4.750763
57.650000,18.508243,4.678375
57.700000,18.508231,4.597308
57.750000,18.508045,4.512418
57.800000,18.507489,4.428272
57.850000,18.506357,4.349517
57.900000,18.504422,4.281213
57.950000,18.501455,4.228946
58.000000,18.497242,4.198534
58.050000,18.491654,4.195242
58.100000,18.484756,4.222556
58.150000,18.476993,4.280782
58.200000,18.469451,4.365972
58.250000,18.464159,4.469736
58.300000,18.464314,4.580266
58.350000,18.474167,4.684452
58.400000,18.498261,4.770431
58.450000,18.539843,4.829709
58.500000,18.598827,4.858215
58.550000,18.670421,4.856133
58.600000,18.745702,4.826843
58.650000,18.814403,4.775531
58.700000,18.868499,4.707959
58.750000,18.904506,4.629677
58.800000,18.923473,4.545728
58.850000,18.929277,4.460752
58.900000,18.926599,4.379317
58.950000,18.919520,4.306295
59.000000,18.910946,4.247075
59.050000,18.902626,4.207448
59.100000,18.895428,4.193022
59.150000,18.889652,4.208143
59.200000,18.885279,4.254517
59.250000,18.882139,4.329940
59.300000,18.880010,4.427705
59.350000,18.878666,4.537137
59.400000,18.877905,4.645337
59.450000,18.877547,4.739659
59.500000,18.877436,4.810100
59.550000,18.877434,4.850819
59.600000,18.877407,4.860425
59.650000,18.877225,4.841211
59.700000,18.876744,4.797822
59.750000,18.875805,4.735916
59.800000,18.874227,4.661186
59.850000,18.871804,4.578882
59.900000,18.868317,4.493768
59.950000,18.863560,4.410395
60.000000,18.857403,4.333477
60.050000,18.849902,4.268192
60.100000,18.841487,4.220218
60.150000,18.833225,4.195335
60.200000,18.827136,4.198538
60.250000,18.826437,4.232731
60.300000,18.835457,4.297360
60.350000,18.858894,4.387479
60.400000,18.900216,4.493817
60.450000,18.959540,4.604075
60.500000,19.032142,4.705199
60.550000,19.108942,4.785910
60.600000,19.179325,4.838638
60.650000,19.234880,4.860297
60.700000,19.271861,4.851883
60.750000,19.291243,4.817290
60.800000,19.296982,4.761922
60.850000,19.293901,4.691546
60.900000,19.286219,4.611610
60.950000,19.276947,4.527047
61.000000,19.267896,4.442451
61.050000,19.259970,4.362426
61.100000,19.253485,4.291947
61.150000,19.248428,4.236516
61.200000,19.244636,4.201954
61.250000,19.241889,4.193696
61.300000,19.239973,4.215635
61.350000,19.238695,4.268714
61.400000,19.237892,4.349760
61.450000,19.237433,4.451104
61.500000,19.237210,4.561401
61.550000,19.237134,4.667584
61.600000,19.237128,4.757402
61.650000,19.237121,4.821675
61.700000,19.237043,4.855552
61.750000,19.236818,4.858547
61.800000,19.236358,4.833587
61.850000,19.235560,4.785645
61.900000,19.234296,4.720455
61.950000,19.232409,4.643636
62.000000,19.229715,4.560322
62.050000,19.226005,4.475200
62.100000,19.221071,4.392825
62.150000,19.214749,4.317993
62.200000,19.207015,4.256001
62.250000,19.198150,4.212599
62.300000,19.188980,4.193491
62.350000,19.181195,4.203333
62.400000,19.177647,4.244383
62.450000,19.182430,4.315177
62.500000,19.200385,4.409775
62.550000,19.235758,4.518090
62.600000,19.290094,4.627440
62.650000,19.360295,4.724951
62.700000,19.438297,4.800028
62.750000,19.513258,4.846061
62.800000,19.575372,4.860926
62.850000,19.619078,4.846372
62.900000,19.643939,4.806739
62.950000,19.653293,4.747596
63.000000,19.652029,4.674677
63.050000,19.644786,4.593322
63.100000,19.635067,4.508365
63.150000,19.625089,4.424368
63.200000,19.616032,4.345991
63.250000,19.608374,4.278319
63.300000,19.602184,4.226960
63.350000,19.597333,4.197727
63.400000,19.593612,4.195831
63.450000,19.590802,4.224638
63.500000,19.588703,4.284271
63.550000,19.587151,4.370567
63.600000,19.586011,4.474939
63.650000,19.585179,4.585465
63.700000,19.584577,4.689034
63.750000,19.584144,4.773903
63.800000,19.583836,4.831774
63.850000,19.583620,4.858792
63.900000,19.583470,4.855320
63.950000,19.583369,4.824857
64.000000,19.583303,4.772641
64.050000,19.583263,4.704438
64.100000,19.583240,4.625776
64.150000,19.583229,4.541676
64.200000,19.583225,4.456763
64.250000,19.583225,4.375615
64.300000,19.583224,4.303123
64.350000,19.583220,4.244701
64.400000,19.583210,4.206150
64.450000,19.583187,4.193046
64.500000,19.583147,4.209640
64.550000,19.583083,4.257480
64.600000,19.582985,4.334153
64.650000,19.582841,4.432740
64.700000,19.582632,4.542413
64.750000,19.582337,4.650227
64.800000,19.581924,4.743612
64.850000,19.581351,4.812736
64.900000,19.580563,4.851974
64.950000,19.579487,4.860134
65.000000,19.578025,4.839653
65.050000,19.576055,4.795252
65.100000,19.573422,4.732610
65.150000,19.569940,4.657406
65.200000,19.565401,4.574863
65.250000,19.559599,4.489729
65.300000,19.552384,4.406553
65.350000,19.543767,4.330067
65.400000,19.534101,4.265473
65.450000,19.524339,4.218468
65.500000,19.516370,4.194818
65.550000,19.513315,4.199451
65.600000,19.519539,4.235136
65.650000,19.540036,4.301124
65.700000,19.578888,4.392255
65.750000,19.637034,4.499074
65.800000,19.710418,4.609189
65.850000,19.790050,4.709574
65.900000,19.864667,4.789092
65.950000,19.924746,4.840377
66.000000,19.965500,4.860556
66.050000,19.987319,4.850792
66.100000,19.994092,4.815082
66.150000,19.990904,4.758872
66.200000,19.982343,4.687922
66.250000,19.971746,4.607657
66.300000,19.961158,4.522991
66.350000,19.951622,4.438506
66.400000,19.943527,4.358818
66.450000,19.936891,4.288926
66.500000,19.931558,4.234355
66.550000,19.927311,4.200927
66.600000,19.923928,4.194035
66.650000,19.921210,4.217461
66.700000,19.918994,4.271977
66.750000,19.917143,4.354196
66.800000,19.915552,4.456245
66.850000,19.914131,4.566646
66.900000,19.912808,4.672312
66.950000,19.911518,4.761092
67.000000,19.910200,4.823993
67.050000,19.908790,4.856382
67.100000,19.907216,4.857959
67.150000,19.905393,4.831784
67.200000,19.903218,4.782890
67.250000,19.900560,4.717023
67.300000,19.897263,4.639784
67.350000,19.893136,4.556280
67.400000,19.887969,4.471186
67.450000,19.881549,4.389057
67.500000,19.873720,4.314711
67.550000,19.864483,4.253470
67.600000,19.854174,4.211098
67.650000,19.843730,4.193275
67.700000,19.835032,4.204573
67.750000,19.831209,4.247105
67.800000,19.836687,4.319200
67.850000,19.856580,4.414707
67.900000,19.895153,4.523370
67.950000,19.953525,4.632439
68.000000,20.027713,4.729097
68.050000,20.108612,4.802908
68.100000,20.184664,4.847473
68.150000,20.246004,4.860874
68.200000,20.287599,4.845014
68.250000,20.309763,4.804323
68.300000,20.316447,4.744397
68.350000,20.312864,4.670961
68.400000,20.303725,4.589328
68.450000,20.292456,4.504315
68.500000,20.281158,4.420477
68.550000,20.270900,4.342489
68.600000,20.262079,4.275463
68.650000,20.254714,4.225025
68.700000,20.248645,4.196982
68.750000,20.243646,4.196490
68.800000,20.239485,4.226790
68.850000,20.235954,4.287821
68.900000,20.232871,4.375204
68.950000,20.230083,4.480157
69.000000,20.227454,4.590647
69.050000,20.224862,4.693574
69.100000,20.222189,4.777314
69.150000,20.219309,4.833769
69.200000,20.216082,4.859299
69.250000,20.212348,4.854446
69.300000,20.207921,4.822822
69.350000,20.202586,4.769715
69.400000,20.196121,4.700894
69.450000,20.188325,4.621864
69.500000,20.179098,4.537622
69.550000,20.168578,4.452784
69.600000,20.157369,4.371932
69.650000,20.146856,4.299982
69.700000,20.139559,4.242372
69.750000,20.139361,4.204910
69.800000,20.151276,4.193137
69.850000,20.180366,4.211209
69.900000,20.229689,4.260509
69.950000,20.297915,4.338416
70.000000,20.378120,4.437800
70.050000,20.459189,4.547686
70.100000,20.529632,4.655085
70.150000,20.581644,4.747509
70.200000,20.613022,4.815304
70.250000,20.626332,4.853058
70.300000,20.626583,4.859778
70.350000,20.618998,4.838041
70.400000,20.607745,4.792641
70.450000,20.595581,4.729276
70.500000,20.584042,4.653609
70.550000,20.573809,4.570838
70.600000,20.565047,4.485695
70.650000,20.557655,4.402727
70.700000,20.551417,4.326683
70.750000,20.546088,4.262794
70.800000,20.541431,4.216771
70.850000,20.537230,4.194366
70.900000,20.533294,4.200434
70.950000,20.529446,4.237610
71.000000,20.525514,4.304946
71.050000,20.521324,4.397068
71.100000,20.516684,4.504339
71.150000,20.511387,4.614280
71.200000,20.505200,4.713901
71.250000,20.497890,4.792209
71.300000,20.489250,4.842046
71.350000,20.479192,4.860747
71.400000,20.467885,4.849642
71.450000,20.456004,4.812829
71.500000,20.445053,4.755788
71.550000,20.437734,4.684276
71.600000,20.438147,4.603695
71.650000,20.451491,4.518935
71.700000,20.482845,4.434572
71.750000,20.534979,4.355232
71.800000,20.605936,4.285939
71.850000,20.688026,4.232241
71.900000,20.769592,4.199960
71.950000,20.839111,4.194442
72.000000,20.889220,4.219359
72.050000,20.918342,4.275304
72.100000,20.929556,4.358677
72.150000,20.928119,4.461405
72.200000,20.919288,4.571880
72.250000,20.907135,4.677001
72.300000,20.894292,4.764722
72.350000,20.882186,4.826242
72.400000,20.871419,4.857141
72.450000,20.862106,4.857309
72.500000,20.854115,4.829929
72.550000,20.847210,4.780098
72.600000,20.841129,4.713567
72.650000,20.835617,4.635918
72.700000,20.830436,4.552235
72.750000,20.825362,4.467178
72.800000,20.820178,4.385307
72.850000,20.814662,4.311459
72.900000,20.808579,4.250982
72.950000,20.801681,4.209653
73.000000,20.793714,4.193124
73.050000,20.784459,4.205885
73.100000,20.773802,4.249894
73.150000,20.761886,4.323278
73.200000,20.749340,4.419670
73.250000,20.737617,4.528651
73.300000,20.729366,4.637410
73.350000,20.728667,4.733191
73.400000,20.740775,4.805721
73.450000,20.770957,4.848813
73.500000,20.822291,4.860755
73.550000,20.893152,4.843600
73.600000,20.976023,4.801864
73.650000,21.059114,4.741168
73.700000,21.130492,4.667226
73.750000,21.182310,4.585327
73.800000,21.212648,4.500267
73.850000,21.224468,4.416599
73.900000,21.223097,4.339012
73.950000,21.213939,4.272643
74.000000,21.201215,4.223139
74.050000,21.187671,4.196299
74.100000,21.174799,4.197219
74.150000,21.163237,4.229013
74.200000,21.153110,4.291432
74.250000,21.144284,4.379881
74.300000,21.136510,4.485388
74.350000,21.129508,4.595813
74.400000,21.122997,4.698069
74.450000,21.116710,4.780662
74.500000,21.110386,4.835694
74.550000,21.103764,4.859737
74.600000,21.096578,4.853511
74.650000,21.088553,4.820739
74.700000,21.079423,4.766754
74.750000,21.068980,4.697326
74.800000,21.057165,4.617940
74.850000,21.044251,4.533567
74.900000,21.031106,4.448813
74.950000,21.019569,4.368270
75.000000,21.012808,4.296874
75.050000,21.015450,4.240089
75.100000,21.033052,4.203729
75.150000,21.070535,4.193297
75.200000,21.129682,4.212850
75.250000,21.206793,4.263604
75.300000,21.292331,4.342728
75.350000,21.373642,4.442885
75.400000,21.439567,4.552952
75.450000,21.484158,4.659908
75.500000,21.507453,4.751350
75.550000,21.513650,4.817803
75.600000,21.508437,4.854072
75.650000,21.496984,4.859357
75.700000,21.483049,4.836375
75.750000,21.468922,4.789990
75.800000,21.455756,4.725914
75.850000,21.443969,4.649796
75.900000,21.433560,4.566808
75.950000,21.424328,4.481665
76.000000,21.415987,4.398916
76.050000,21.408232,4.323327
76.100000,21.400760,4.260155
76.150000,21.393273,4.215127
76.200000,21.385474,4.193978
76.250000,21.377063,4.201489
76.300000,21.367746,4.240153
76.350000,21.357257,4.308826
76.400000,21.345431,4.401915
76.450000,21.332330,4.509610
76.500000,21.318468,4.619348
76.550000,21.305141,4.718180
76.600000,21.294815,4.795261
76.650000,21.291435,4.843643
76.700000,21.300294,4.860870
76.750000,21.327025,4.848434
76.800000,21.375469,4.810529
76.850000,21.444974,4.752671
76.900000,21.528733,4.680611
76.950000,21.614930,4.599724
77.000000,21.690772,4.514880
77.050000,21.747154,4.430648
77.100000,21.781111,4.351669
77.150000,21.795116,4.282988
77.200000,21.794533,4.230176
77.250000,21.785086,4.199054
77.300000,21.771373,4.194919
77.350000,21.756442,4.221327
77.400000,21.741986,4.278693
77.450000,21.728748,4.363203
77.500000,21.716898,4.466583
77.550000,21.706300,4.577102
77.600000,21.696683,4.681649
77.650000,21.687725,4.768293
77.700000,21.679095,4.828420
77.750000,21.670461,4.857830
77.800000,21.661494,4.856596
77.850000,21.651868,4.828024
77.900000,21.641274,4.777267
77.950000,21.629462,4.710085
78.000000,21.616332,4.632039
78.050000,21.602103,4.548187
78.100000,21.587585,4.463177
78.150000,21.574556,4.381575
78.200000,21.566153,4.308237
78.250000,21.567044,4.248538
78.300000,21.582971,4.208264
78.350000,21.619210,4.193040
78.400000,21.677995,4.207268
78.450000,21.755961,4.252750
78.500000,21.843543,4.327407
78.550000,21.927605,4.424661
78.600000,21.996257,4.533931
78.650000,22.042915,4.642352
78.700000,22.067312,4.737232
78.750000,22.073671,4.808466
78.800000,22.067897,4.850082
78.850000,22.055414,4.860570
78.900000,22.040180,4.842131
78.950000,22.024613,4.799362
79.000000,22.009931,4.737909
79.050000,21.996570,4.663473
79.100000,21.984523,4.581319
79.150000,21.973560,4.496222
79.200000,21.963359,4.412734
79.250000,21.953567,4.335560
79.300000,21.943824,4.269862
79.350000,21.933772,4.221306
79.400000,21.923061,4.195680
79.450000,21.911370,4.198018
79.500000,21.898459,4.231305
79.550000,21.884279,4.295102
79.600000,21.869169,4.384597
79.650000,21.854157,4.490630
79.700000,21.841369,4.600960
79.750000,21.834398,4.702519
79.800000,21.838364,4.783946
79.850000,21.859196,4.837547
79.900000,21.901740,4.860107
79.950000,21.966968,4.852516
80.000000,22.049684,4.818607
80.050000,22.138741,4.763758
80.100000,22.220559,4.693737
80.150000,22.284185,4.614004
80.200000,22.324726,4.529510
80.250000,22.343457,4.444852
80.300000,22.345452,4.364627
80.350000,22.336760,4.293798
80.400000,22.322533,4.237852
80.450000,22.306329,4.202606
80.500000,22.290210,4.193525
80.550000,22.275136,4.214561
80.600000,22.261381,4.266764
80.650000,22.248844,4.347089
80.700000,22.237243,4.447992
80.750000,22.226218,4.558212
80.800000,22.215390,4.664695
80.850000,22.204373,4.755133
80.900000,22.192790,4.820233
80.950000,22.180299,4.855014
81.000000,22.166639,4.858872
81.050000,22.151745,4.834656
81.100000,22.135940,4.787298
81.150000,22.120250,4.722525
81.200000,22.106807,4.645968
81.250000,22.099236,4.562774
81.300000,22.102729,4.477641
81.350000,22.123322,4.395121
81.400000,22.165983,4.319999
81.450000,22.231752,4.257558
81.500000,22.315377,4.213538
81.550000,22.405508,4.193655
81.600000,22.488291,4.202615
81.650000,22.552546,4.242764
81.700000,22.593295,4.312761
81.750000,22.611859,4.406796
81.800000,22.613420,4.514885
81.850000,22.604141,4.624391
81.900000,22.589251,4.722408
81.950000,22.572349,4.798247
82.000000,22.555510,4.845169
82.050000,22.539693,4.860925
82.100000,22.525160,4.847168
82.150000,22.511793,4.808184
82.200000,22.499290,4.749523
82.250000,22.487272,4.676925
82.300000,22.475333,4.595743
82.350000,22.463068,4.510826
82.400000,22.450094,4.426737
82.450000,22.436090,4.348129
82.500000,22.420888,4.280072
82.550000,22.404626,4.228160
82.600000,22.388031,4.198209
82.650000,22.372791,4.195465
82.700000,22.361991,4.223365
82.750000,22.360352,4.282145
82.800000,22.373861,4.367772
82.850000,22.408278,4.471778
82.900000,22.466472,4.582310
82.950000,22.545571,4.686257
83.000000,22.635988,4.771802
83.050000,22.723918,4.830528
83.100000,22.796425,4.858450
83.150000,22.845999,4.855821
83.200000,22.871920,4.826069
83.250000,22.878447,4.774400
83.300000,22.871795,4.706579
83.350000,22.857750,4.628146
83.400000,22.840562,4.544136
83.450000,22.822827,4.459184
83.500000,22.805850,4.377861
83.550000,22.790087,4.305045
83.600000,22.775513,4.246137
83.650000,22.761857,4.206931
83.700000,22.748735,4.193023
83.750000,22.735728,4.208722
83.800000,22.722411,4.255673
83.850000,22.708388,4.331589
83.900000,22.693341,4.429680
83.950000,22.677135,4.539210
84.000000,22.660000,4.647262
84.050000,22.642831,4.741218
84.100000,22.627604,4.811144
84.150000,22.617792,4.851281
84.200000,22.618530,4.860319
84.250000,22.636031,4.840606
84.300000,22.675789,4.796817
84.350000,22.739671,4.734620
84.400000,22.823225,4.659703
84.450000,22.915382,4.577304
84.500000,23.001779,4.492181
84.550000,23.070163,4.408884
84.600000,23.114468,4.332134
84.650000,23.135373,4.267119
84.700000,23.137947,4.219524
84.750000,23.128585,4.195124
84.800000,23.112859,4.198888
84.850000,23.094673,4.233667
84.900000,23.076308,4.298831
84.950000,23.058834,4.389351
85.000000,23.042564,4.495881
85.050000,23.027380,4.606087
85.100000,23.012959,4.706923
85.150000,22.998885,4.787167
85.200000,22.984717,4.839330
85.250000,22.970026,4.860407
85.300000,22.954448,4.851461
85.350000,22.937770,4.816428
85.400000,22.920092,4.760728
85.450000,22.902102,4.690125
85.500000,22.885465,4.610058
85.550000,22.873274,4.525454
85.600000,22.870323,4.440900
85.650000,22.882766,4.361006
85.700000,22.916631,4.290756
85.750000,22.975066,4.235662
85.800000,23.055327,4.201543
85.850000,23.147657,4.193821
85.900000,23.237771,4.216344
85.950000,23.312156,4.269988
86.000000,23.362891,4.351497
86.050000,23.389135,4.453121
86.100000,23.395266,4.563462
86.150000,23.387719,4.669446
86.200000,23.372480,4.758859
86.250000,23.353936,4.822594
86.300000,23.334754,4.855887
86.350000,23.316259,4.858324
86.400000,23.298904,4.832885
86.450000,23.282636,4.784567
86.500000,23.267151,4.719110
86.550000,23.252029,4.642125
86.600000,23.236815,4.558735
86.650000,23.221073,4.473622
86.700000,23.204444,4.391343
86.750000,23.186750,4.316700
86.800000,23.168187,4.255002
86.850000,23.149626,4.212003
86.900000,23.133033,4.193398
86.950000,23.121920,4.203812
87.000000,23.121529,4.245444
87.050000,23.138269,4.316751
87.100000,23.177887,4.411709
87.150000,23.242455,4.520164
87.200000,23.327515,4.629407
87.250000,23.421688,4.726586
87.300000,23.510080,4.801168
87.350000,23.579931,4.846624
87.400000,23.624909,4.860914
87.450000,23.645703,4.845845
87.500000,23.647570,4.805795
87.550000,23.637122,4.746343
87.600000,23.620105,4.673220
87.650000,23.600521,4.591754
87.700000,23.580688,4.506774
87.750000,23.561684,4.422838
87.800000,23.543797,4.344612
87.850000,23.526883,4.277193
87.900000,23.510581,4.226194
87.950000,23.494441,4.197427
88.000000,23.478002,4.196081
88.050000,23.460852,4.225475
88.100000,23.442722,4.285658
88.150000,23.423646,4.372384
88.200000,23.404226,4.476987
88.250000,23.386028,4.587502
88.300000,23.372049,4.690823
88.350000,23.367042,4.775250
88.400000,23.377264,4.832566
88.450000,23.409069,4.858999
88.500000,23.466154,4.854984
88.550000,23.546348,4.824064
88.600000,23.640142,4.771496
88.650000,23.732939,4.703048
88.700000,23.810445,4.624241
88.750000,23.863886,4.540083
88.800000,23.891881,4.455199
88.850000,23.898687,4.374166
88.900000,23.890907,4.301885
88.950000,23.874805,4.243781
89.000000,23.855013,4.205656
89.050000,23.834366,4.193073
89.100000,23.814280,4.210248
89.150000,23.795242,4.258662
89.200000,23.777198,4.335822
89.250000,23.759821,4.434725
89.300000,23.742667,4.544485
89.350000,23.725264,4.652139
89.400000,23.707193,4.745149
89.450000,23.688186,4.813753
89.500000,23.668302,4.852408
89.550000,23.648203,4.860002
89.600000,23.629572,4.839026
89.650000,23.615581,4.794231
89.700000,23.611203,4.731303
89.750000,23.622874,4.655916
89.800000,23.656949,4.573283
89.850000,23.716786,4.488144
89.900000,23.799524,4.405048
89.950000,23.894858,4.328734
90.000000,23.987704,4.264416
90.050000,24.063857,4.217795
90.100000,24.115104,4.194633
90.150000,24.140731,4.199829
90.200000,24.145460,4.236099
90.250000,24.136071,4.302619
90.300000,24.118789,4.394141
90.350000,24.098114,4.501142
90.400000,24.076743,4.611192
90.450000,24.055983,4.711280
90.500000,24.036239,4.790324
90.550000,24.017408,4.841041
90.600000,23.999132,4.860639
90.650000,23.980947,4.850347
90.700000,23.962386,4.814203
90.750000,23.943070,4.757664
90.800000,23.922842,4.686492
90.850000,23.901993,4.606102
90.900000,23.881609,4.521398
90.950000,23.864037,4.436959
91.000000,23.853332,4.357407
91.050000,23.855341,4.287748
91.100000,23.876850,4.233519
91.150000,23.923313,4.200540
91.200000,23.995497,4.194186
91.250000,24.086829,4.218198
91.300000,24.183922,4.273277
91.350000,24.271077,4.355951
91.400000,24.336309,4.458270
91.450000,24.375017,4.568703
91.500000,24.389560,4.674158
91.550000,24.386164,4.762525
91.600000,24.371683,4.824885
91.650000,24.351642,4.856689
91.700000,24.329672,4.857711
91.750000,24.307745,4.831061
91.800000,24.286671,4.781798
91.850000,24.266558,4.715669
91.900000,24.247141,4.638267
91.950000,24.227982,4.554692
92.000000,24.208606,4.469611
92.050000,24.188596,4.387582
92.100000,24.167732,4.313430
92.150000,24.146199,4.252488
92.200000,24.124914,4.210524
92.250000,24.105994,4.193207
92.300000,24.093224,4.205080
92.350000,24.092251,4.248192
92.400000,24.109922,4.320796
92.450000,24.152227,4.416653
92.500000,24.220981,4.525445
92.550000,24.310811,4.634395
92.600000,24.409018,4.730712
92.650000,24.499591,4.804021
92.700000,24.569390,4.848008
92.750000,24.612476,4.860835
92.800000,24.630309,4.844465
92.850000,24.628845,4.803362
92.900000,24.615112,4.743132
92.950000,24.594987,4.669496
93.000000,24.572436,4.587757
93.050000,24.549673,4.502724
93.100000,24.527655,4.418952
93.150000,24.506562,4.341120
93.200000,24.486158,4.274351
93.250000,24.466015,4.224278
93.300000,24.445654,4.196706
93.350000,24.424672,4.196768
93.400000,24.402885,4.227655
93.450000,24.380565,4.289232
93.500000,24.358800,4.377036
93.550000,24.339974,4.482210
93.600000,24.328236,4.592679
93.650000,24.329597,4.695345
93.700000,24.351048,4.778636
93.750000,24.398212,4.834534
93.800000,24.471851,4.859480
93.850000,24.565109,4.854086
93.900000,24.664084,4.822010
93.950000,24.752561,4.768556
94.000000,24.818274,4.699495
94.050000,24.856650,4.620324
94.100000,24.870271,4.536029
94.150000,24.865626,4.451223
94.200000,24.849752,4.370491
94.250000,24.828270,4.298757
94.300000,24.804835,4.241470
94.350000,24.781403,4.204439
94.400000,24.758751,4.193192
94.450000,24.736954,4.211845
94.500000,24.715712,4.261717
94.550000,24.694575,4.340104
94.600000,24.673079,4.439795
94.650000,24.650893,4.549755
94.700000,24.628008,4.656983
94.750000,24.605035,4.749025
94.800000,24.583637,4.816294
94.850000,24.567043,4.853465
94.900000,24.560405,4.859621
94.950000,24.570499,4.837393
95.000000,24.604140,4.791604
95.050000,24.665084,4.727958
95.100000,24.750502,4.652113
95.150000,24.849549,4.569256
95.200000,24.946136,4.484111
95.250000,25.025054,4.401228
95.300000,25.077529,4.325362
95.350000,25.102848,4.261753
95.400000,25.106094,4.216119
95.450000,25.094485,4.194206
95.500000,25.074583,4.200840
95.550000,25.051078,4.238600
95.600000,25.026739,4.306464
95.650000,25.002869,4.398968
95.700000,24.979832,4.506409
95.750000,24.957474,4.616274
95.800000,24.935389,4.715588
95.850000,24.913111,4.793416
95.900000,24.890257,4.842682
95.950000,24.866718,4.860804
96.000000,24.842936,4.849175
96.050000,24.820313,4.811931
96.100000,24.801732,4.754567
96.150000,24.791985,4.682839
96.200000,24.797674,4.602136
96.250000,24.825919,4.517342
96.300000,24.881501,4.433029
96.350000,24.963181,4.353830
96.400000,25.061549,4.284776
96.450000,25.160915,4.231424
96.500000,25.245100,4.199597
96.550000,25.303583,4.194621
96.600000,25.334086,4.220123
96.650000,25.340892,4.276628
96.700000,25.331170,4.360450
96.750000,25.311852,4.463437
96.800000,25.288090,4.573933
96.850000,25.263033,4.678832
96.900000,25.238237,4.766132
96.950000,25.214209,4.827106
97.000000,25.190863,4.857420
97.050000,25.167819,4.857036
97.100000,25.144617,4.829187
97.150000,25.120882,4.778990
97.200000,25.096524,4.712202
97.250000,25.072033,4.634396
97.300000,25.048908,4.550645
97.350000,25.030186,4.465605
97.400000,25.020863,4.383839
97.450000,25.027732,4.310189
97.500000,25.057958,4.250017
97.550000,25.116065,4.209100
97.600000,25.200198,4.193083
97.650000,25.300174,4.206420
97.700000,25.399766,4.251008
97.750000,25.482806,4.324894
97.800000,25.539268,4.421627
97.850000,25.567517,4.530725
97.900000,25.572307,4.639355
97.950000,25.560995,4.734785
98.000000,25.540487,4.806807
98.050000,25.515813,4.849320
98.100000,25.489988,4.860690
98.150000,25.464462,4.843029
98.200000,25.439670,4.800886
98.250000,25.415479,4.739891
98.300000,25.391494,4.665754
98.350000,25.367269,4.583753
98.400000,25.342493,4.498678
98.450000,25.317229,4.415079
98.500000,25.292254,4.337653
98.550000,25.269549,4.271546
98.600000,25.252829,4.222413
98.650000,25.247845,4.196049
98.700000,25.261857,4.197524
98.750000,25.301629,4.229905
98.800000,25.369912,4.292867
98.850000,25.461928,4.381728
98.900000,25.564682,4.487446
98.950000,25.660910,4.597837
99.000000,25.735832,4.699822
99.050000,25.782281,4.781959
99.100000,25.801296,4.836430
99.150000,25.799085,4.859891
99.200000,25.783218,4.853128
99.250000,25.760092,4.819907
99.300000,25.734033,4.765582
99.350000,25.707449,4.695919
99.400000,25.681366,4.616395
99.450000,25.655969,4.531973
99.500000,25.630995,4.447256
99.550000,25.606014,4.366836
99.600000,25.580638,4.295661
99.650000,25.554737,4.239205
99.700000,25.528750,4.203281
99.750000,25.504116,4.193378
99.800000,25.483828,4.213513
99.850000,25.472880,4.264838
99.900000,25.478164,4.344435
99.950000,25.507095,4.444889
